wallet,initial_usd,final_usd,cumulative_roi,avg_daily_roi,volatility,positive_days,max_drawdown,sharpe_ratio,sortino_ratio,avg_recovery_time_days
8h5CyobUGigqr8Ns3oX8gXD3wk2si5JucBoqi6FAX1k9,258.96531815856,30703.60261862112,11756.260458715877,100.04560709032744,876.4790744466837,75.0,-32.97091717750791,0.1141448894869346,4.783629205492605,
G76imCPLo9PTu2ypRvjnFQ8P4n43BeKagEbebuRa9zPY,256.59953062848,25292.0784610896,9756.63473317454,115.49555734391102,1013.4548921901048,74.0,-49.36140662211383,0.1139622081199113,4.157759345168743,5.333333333333333
Ccb8CM8s7gNgp3rcMamBcSrv5ftjYU5mNU2XYKRfuzy1,41.9365278384,2101.2175601913605,4910.470986745211,64.81628094232744,572.6922501561037,76.0,-11.542127697740186,0.1131782050912334,,
9jeP3f1mKanTpJYuqwY3EjasUAjC7Rei44aRaJoaELNu,1216.85396817504,60094.13610719088,4838.483801578609,28.944896652621665,243.13969381203648,75.0,-1.837126772156883,0.119046364658985,23.89745829280871,8.5
DGpGRkvzY1gEX1VrPEPTzj3Dw7k1LuBqC8sUcS8MNeYg,2591.2151845632,68035.16650615056,2525.608514162023,28.73840750035806,252.42574591537067,75.0,-1.551687602725292,0.1138489554468545,26.49035422201413,7.0
4phZ1xEgcSAEezKa7DzB2AfmiQGei9qfXGea65ETNfUe,260.08733108592,6505.789165312321,2401.386414382148,7.924762026448696,44.27298311523352,68.0,-7.432791552815192,0.1789976972146232,5.907002954869993,1.375
ENDA9v65gmYJfyCK8xqtiDpuQc9DxvDD67JFwxjvek2M,1875.14014262016,43786.14197730096,2235.0863747238623,118.02508378871448,1044.2387168474556,75.0,-85.9095681528761,0.1130250026976885,2.634956381863044,5.0
CtcaGNAQd7jsYQMvP2osV2ZtnUPEpPZPkVWiWZtVpdsD,79.98461438448,1758.46421023728,2098.503079335328,24.83231840394439,215.0547642882001,75.0,-31.526423519690777,0.1154697431890697,493.09302556115193,1.5
AyxnmzjBJYoaMv1YV55CvNBBENKnxNuSyBx9aFDUxBot,272.10646479744,5916.64417915056,2074.3857440340475,25.367895310880733,222.9907364462533,64.0,-8.756990616470524,0.1137621038217212,13.437141816527278,1.6666666666666667
CNbJfAUQv3miNfNHqR78teTTynEmFmLrfRr8e4DoC5oU,271.1877878736,4683.24717041712,1626.938815032472,18.98619710172231,166.42448458933808,73.0,-5.882453265181911,0.1140829556935197,283.5709389203201,1.5
CerkGbQgv3hMGxjre5NzDbEERTXSiRC9RNrM1aWSkbJH,511.23934271904,8172.14208688176,1498.4963213938129,18.054010642004297,158.67490727269433,72.0,-5.558101902737984,0.1137798720183095,105.9307102445922,8.0
BtboY5qxuLKGu3srPwZX7zhvQeQkPkcaZWBzsFraYQmR,32.02356852864,432.07042657152,1249.2263555359284,41.08331696429673,218.9621059987914,75.0,-91.82693243319918,0.1876275201907469,3223.563109966381,2.0
6Rn8ymozK7x2WSoH1zVb4vkqqe6s2CPZ6TPH93Q16QZ5,270.02642189328003,3402.273585139681,1159.978027811045,14.72564086642164,128.69187740632853,65.0,-15.070721830967896,0.1144255656472185,5.060135367519227,1.5454545454545454
9b2AcozQahF8Vm78qMtCYEXraiDkAjEP6JXQ7n7LErmi,26900.075963517123,328279.6110163906,1120.3668549546685,13.266177657571324,116.24499156554944,70.0,-1.527266134347192,0.1141225740473357,25.8059745782616,3.571428571428572
5FCpqjTYHjP8wQFNTM7heWwHwCKufMwKczbJhAUXAudr,3063.6554277888004,36909.06506838672,1104.7394342589605,6.551520242468669,41.77083566844366,68.0,-16.382156114139683,0.1568443661139894,1.5758997596293889,2.0
9qySFinzmyofWahb16y98JkPyEvdxZg4tdMFp2pM5WEi,1277.4478439424,14821.997392759682,1060.2820000084484,17.998579030565185,159.74063739358374,66.0,-32.62372998363184,0.1126737649494826,2.1759009288367834,22.0
EAHuJzQGMi8DCHMB1mGRg8HaF5N8sqyEbnmvB3DCp3LG,14637.51983527392,164938.39054931328,1026.8192453740692,5.982066034773106,37.52588405977843,70.0,-3.5146268995761925,0.1594117283218091,4.822419748644278,7.8
DrXUUhmocEeeY8gXzvXGWw4fMYGPoj769tZf6Fs9wQaq,3456.21677509056,31233.116756632324,803.6793346335735,3.4327564906817987,12.709951407967642,70.0,-4.488705271346029,0.2700841553595448,2.308644978277236,1.8
4u6yHgn1n7qAwTqRCwrPvU9eA4uBHHznauLAgznBVGNa,1319.1290293896002,11882.049620720642,800.7496125090064,8.222897135540356,68.22116361037637,70.0,-19.57701774260136,0.1205329358276976,0.8957349183576514,2.571428571428572
7GgijQFLUxFs4L8V43Za3Q8SH9eC7eHdFcuS1Qig1VSe,18855.67351765968,162095.36420668563,759.6636129431906,10.845217051448364,96.83679745254146,61.0,-14.814793610520136,0.1119947926485639,3.5338043073775403,8.5
G2kwWLy1ddSySMyUAWPxGVLRSVWHbEdDe4ZqnWQFf4sf,16443.0639718488,137645.336788716,737.1027262581382,9.22865876619196,76.77923763517535,70.0,-46.48509645778604,0.1201973222245693,0.5302132937741121,
4EbRCwPuA1gyXSj5mmy4CA8gVdfoAAUhfpMMDSf5hY9w,7568.8423551,56864.86505955025,651.3020141215367,5.791834352766169,42.16348545246478,72.0,-52.007708222973456,0.1373661188256339,0.3205080824268168,14.0
ETv2idiPjun5RReJNSLBd2RUMcYSBMqjFQxhVpLeDqkm,11195.6649970152,83919.16036799282,649.5683408744898,6.444851827378023,53.80419842604095,73.0,-1.5863412587726733,0.1197834372764997,9.19723353344029,4.25
64W4gYS9Ch7GrAaMJbMhaM4ZRBQhtiuRh9QpJ2nzRGsS,265.83682570848,1972.1013005544005,641.846542629512,5.614693522599392,33.53909606043268,72.0,-42.4493992271596,0.1674074194630205,0.4733928593958509,2.0
DvFSmqka3bUv17onKk4ovbFvy3USMYqvVXxyyj839n4Q,270.29647764288006,1781.4609385204803,559.0766383845277,8.29601401403292,72.99317914555289,68.0,-21.65371654378636,0.1136546470662712,3.3317354980193064,
DhPzmKs3KH5oFjPnV1oJZqYMUVADjromEVDQ73GjbFjp,52.91913627936,339.64629385824,541.821310282254,21.672350847062145,109.03175153331482,74.0,-82.781941649579,0.1987710051639419,1561.398406152411,1.3333333333333333
E1NZjorbyxVLDP7ztXHaVmu9uaXAvyNSBNkGNdvyuPJ1,53.53374045552,341.76956504640003,538.418989852519,6.285601976475664,54.42749296971582,77.0,0.0,0.1154857891391958,,
5LpivxTjQrWHftTthAfNUUpBdb6o38rzfydooq5sSnnd,65719.0198597608,398572.4043306725,506.47953238072415,10.956427530303118,74.68062064259969,69.0,-82.3396692807354,0.1467104509312726,0.3779212714664373,5.75
C8qXqbTzQ8adhiMxqJhj1nSX4vQXL9qaJuG1E3bSG1Nz,6679.718660428321,34946.75309434801,423.17702093320105,13.766794616858894,128.98308371282445,74.0,-51.42496172256544,0.1067333344852422,0.5492180016926294,0.0
B1W9J4jhzA6jteq5iEEXd2LPBXbKEP3APQCNdaUMu3gL,199.32607762704,1016.85925512816,410.14863044202895,4.787929719822851,41.19656493319714,77.0,0.0,0.116221576424801,,
2cXEYfR4yX7ggZ1JVYYYLcYG5N3RqjCVLEQseb7aasMw,1346.8333583952,6751.064425889761,401.25461949753713,5.120221443632228,42.76849507889235,71.0,-21.72641664880972,0.1197194671962919,0.8111592175929364,1.4
hSxApgSC6ScKwpshYp577QeRmANnFWE2GMWs3sHb2rk,1563.00589700736,7599.335729713441,386.20006771974806,3.6467210238980727,26.00900897556405,70.0,-16.68137195061998,0.1402099183142362,0.6075178313682262,4.8
DDWDVPLueG7nFSLxUaBgVu6uNmSogrGjipFWuLvepQCk,5037.73855483392,24493.27981304832,386.1959299087881,4.588073566425424,39.634899375337454,75.0,-1.7940205439406522,0.115758426001715,3.824286404663822,8.0
EngzRpnnhTYh553ZFfCU2u8BpD2iNfh67AUgSQo3qSYD,299.70075318144006,1409.9288671766403,370.4455535095247,15.159467698102125,109.02607811294004,75.0,-89.59610899173992,0.1390444191012579,0.2925663904786671,2.0
A35ADYCA7uoUrGf4apk64Znv5Cgvtqo7BqRMyTzHPTFE,2594.5252309704,11617.01832724896,347.75121816425656,5.003307319964033,44.85475930447291,69.0,-19.229042526801685,0.1115446253094731,1.1464054639679868,10.25
BkDyUXLKKgMFrJ3aZD8gE58s1fiXTZN7QcRfeGYAF3rW,1272162.3383026146,5557956.573277493,336.8905135718141,5.1934498191147975,36.87051044398548,66.0,-65.37142357745927,0.1408564664979294,0.2659313384843869,3.625
7HkqVEG6s1NwiuxR3szrLcHsLdMiBhETb9FQkvWM5eaL,257.4739566984,1120.0586155161602,335.01821694074295,6.626815224207205,40.50454999485452,74.0,-66.24376730900052,0.1636066867808441,0.3452977234132381,1.6666666666666667
EurRJN4EAvhN9oFCwbVHjAXr5k5LgJDqmfHBMHqpS14S,50585.61718994784,219860.0578636028,334.6295846070895,6.057949681615214,54.54879347031402,70.0,-34.29094596238815,0.1110556127132675,0.3964094195834732,5.666666666666667
7DsEDukByTQdisJt9FqS8yvKfuagD6no927xqLZ5ToPL,3146.1672690926403,13497.701901536642,329.0204794301799,3.9095458605144,33.63835749697708,75.0,-1.9427771353408905,0.116222852464355,14.73136845281345,13.0
G1fjN9uBnJHcWdBVS1HVFDXx6aVkugvftKHpwYcyzc92,266.07045316800003,1137.27722342448,327.4346173666979,6.043684622808231,39.91313239072475,71.0,-50.35390260819248,0.1514209549790359,0.4474040471432179,1.5
C9UW68VpotwkBasKXxry3uwtyACFn2DUAViq78WExT3Z,11327.28571519584,48281.353208124965,326.23938710537084,3.8883646733302393,33.30486819461356,65.0,-13.68535103450368,0.1167506398947139,1.4313124372916075,
8mzKgFjUfuEU2objNA2xZafjW7GSfqajfiDu72VKy4aB,1271.93187802512,5407.7716913001605,325.1620534659923,4.104718920034619,34.35276005291447,67.0,-23.19320413698432,0.1194873108801742,0.5599852047033743,1.3333333333333333
BabSuF6mAV4CsXPnSozAkw6dmP3obs7PWx6CxrUzFU9r,20012.29287645744,83826.25243739712,318.8738039907998,2.2713754959361703,10.935831275672498,67.0,-8.206663541992345,0.2077003054161049,0.8924307604520613,1.4
6k2mtcD3iSr41PX8j31qQAYs8iCZTZZyoqBAUcAoeHmJ,1350.80183616144,5636.396047160641,317.26298382726003,3.01415119044485,16.142152835416844,67.0,-60.36537548927119,0.1867254771514504,0.175405399466887,6.428571428571429
A9c22C9cnfTU2Qe9MegXQDQhDPibPcNdrgDdhevDdPC7,122.66361932448,500.4620847974401,307.9955308293784,3.727322023296644,31.13128307729541,76.0,-26.87297180799136,0.1197291487807337,,1.0
7TM2ivZ1rXX3Tixyq9wuo9ZsPPWsuT41JHSo7m1K25jn,185.63278477536,742.8809425104001,300.188438378158,8.400961921910724,52.6779312801217,75.0,-72.44009392705412,0.1594778253010264,213.79289045892688,2.0
7imoeChh683TpmPAjkpDpJFh5bCJe2tR4fo6hP5oDu2x,395.60241120816,1574.88386381328,298.09764025543313,3.601981090559791,24.559926466469005,69.0,-32.836870800870926,0.1466609069647451,0.3234304699392755,1.375
3Ac4ZYgMN4BUYWZhEWHQE2WuwMThLgQTNnE3c5Xk7kyi,25526.1789012672,99710.6332156829,290.621070240689,3.867352774851019,34.54538633785867,70.0,-8.922199797378077,0.1119499066250922,1.6524249431785942,4.0
3UHVvbncHGDneuyoPqMuetHQGtADEokwZv3r1CSRsfwu,6435.091239351841,23288.145034079043,261.8930045881476,3.093163573072446,26.228544890908893,70.0,-7.195692799410419,0.1179311923683791,2.982873300034944,5.4
55Mybfizxxhk4Dv9yN6UJFuCtQwt3ythuMDitJ81Td51,29983.00243262064,105674.9346204677,252.4494748581164,1.7023356501059834,4.024350057790149,74.0,-7.182374322649541,0.4230088401009453,0.4349542953268585,3.0
5FVWhLyb1KRppZCBUSofDgwZVXdY4Q45CfwAzpeJCJPQ,2676.60506673456,9393.71655754848,250.95639152356347,2.6692776378446306,20.630744839144427,70.0,-9.933861081557154,0.1293834836626929,0.8214078996366091,1.7142857142857142
3nU27kkXuMHa2rYjoQTiDHZ2kKGtRbHHro9nsP4hUADo,2203.39338199344,7677.6877624584,248.44834450361705,3.084752887965783,25.06158796756237,68.0,-15.388824730027263,0.1230868886663698,2.655689315392366,1.4444444444444444
BnwZvGydWCKzpRGAkeTKH73NVDfy38Dpj9nbpsbiw6tR,10317915.279340718,35534575.78792596,244.3968556233048,3.4600336315287743,29.28653056559204,64.0,-52.981278138658006,0.1181441968272566,0.3696223687168497,3.5
3uLipSrkMGVbfsSFo1GkBvbJWJF9xxA5WrqQjTNFAFb4,3592.5063041275203,12309.317027190242,242.6387035994275,2.1424160305096875,13.105921448174197,66.0,-11.990968210978115,0.1634693172076161,0.6325656196525982,1.5555555555555556
J9szoCeKZGcCwA3ZgBPCSCsMsFEfhaYowwqjyAWTVaYa,598.4225609544001,2048.6466390235205,242.3411436487649,5.607687983899801,53.70991523746839,75.0,-45.51565409380585,0.1044069416067117,0.247475249773537,1.5
9BQFZeHf6fzSjefCueU6xnrCVxfGcN5jDGs8RnD5AS7d,1285.0121764459202,4384.670603884801,241.21626893932628,2.891455745487381,24.024142943789617,69.0,-16.542890836435376,0.1203562496382348,0.7969845599070913,5.375
J93wiuzEAqBJddH1jaskRvZpQ84yQGMufZUr1MsPgYWV,2661.0691062384003,9064.61432060784,240.63806533086543,2.3762835471024526,16.530557353577713,66.0,-9.925235550838584,0.1437509635201836,0.7278342868430198,1.5555555555555556
J8n2wyUBFyAE2Z6T2pYxBW9JsG4AiVLbhA26hUdiYbCz,16266.73623012048,53370.617983313285,228.0966582865529,2.7291801533048416,23.289493579322013,73.0,-2.781907796333427,0.1171850364203707,2.6091110243941507,13.5
pnfTAPxpQwmq4cYdu4jXwUstrokZ8FBVYGqSif3sGc7,58902.630370964645,190466.23226894403,223.35777039055984,2.6494944016680138,22.48791725569156,72.0,-1.8745037128306248,0.1178185765957246,3.402810247997498,5.333333333333333
4rVaesU9UNXns4xxKmKoFAG9DGjkRy99irYkTPKnoDZ1,1553.82945295968,4962.933374662561,219.4001352728472,2.820687063927968,23.824436868223422,65.0,-10.593350559051638,0.1183947003461032,1.043204243554594,1.6363636363636365
3G6jn42tacPo41U6M8srpmb1ncDn6qkwHeDxAMspZYUa,129511.81952625074,411697.1587473687,217.8838504881956,2.458628643075671,20.17445649157893,69.0,-1.8671557802528496,0.1218683955179626,3.782373749751289,4.666666666666667
5PcpA5dHX1DSt3B6guEBqnFNNi95VN3Cbnm9qh4TooUA,1738.9691411851202,5526.75322677456,217.81778617463203,2.871333963232662,23.812304154596333,68.0,-14.759435511883945,0.1205819455602084,0.6605832171089175,1.375
CVZbKDQzQmkHY2zzrubfi22WP96UHEZWvp9927y2djrD,25766.77217096112,81254.62087437746,215.346525887129,2.606833823741761,22.34419344430294,69.0,-2.515670046734213,0.1166671703876793,3.727835352968386,7.25
8ABpYLEk3QDk7t8XW4wGpXbtH1N6FtxvpwrXw7qgdk3U,82512.9120466872,255243.68785720752,209.3378739472755,2.485809482849826,21.05425922558579,72.0,-1.642710324271307,0.1180668223097107,3.638115017662645,3.75
6T34AgXPaCyZMTSgMso7qMar6i1C5yfLURBtB9GcbP8Z,540.52927005792,1655.590425192,206.2906149401672,2.496408546099811,15.95597352811385,73.0,-40.217852066876986,0.1564560471162245,0.1284495526779114,1.5
89WUDPHs4ut6JmpPY9QjsaJq5BrHhcywf4c5SXfNCGm9,3094.24271439504,9318.332350060802,201.15065979504595,1.7958644200359275,10.369485702304996,68.0,-9.62200645795178,0.1731874146503459,1.064672829000704,6.0
4UiA9XwUgC8Z63S33LE9fKjTYzJZ5FNt73L4ZsbSf68v,474.68193530784,1414.2693037012805,197.9404098839576,2.0141469201716538,12.40613184395926,74.0,-22.72315308396448,0.1623509201340927,1.1504353592147625,1.6666666666666667
CsPEvQzHmu5JcicxPbpkXHpH2LqX5dP1gfYTmAw4bBfA,13649.88648568896,39890.970492095046,192.24397238701,1.6753369973609216,8.915755190845088,71.0,-2.1039673537159804,0.1879074695861095,2.174945683570688,5.0
Bc3uUsg98iEbqH6E3hjbbNamtYeXD8wLHrVJ2GgJxdzL,3965.48940895536,11577.84874881168,191.96519155151813,1.7409973172943989,10.372044732856278,69.0,-4.668542213674705,0.1678547829416233,3.875691604615471,4.2
8EVeZqf6kDyPuCWcqncwD2kVyth8FFPtgrkWxZcKKSSn,3413.15778865152,9931.445540757122,190.9752831755506,6.26156136597184,54.57398221636076,63.0,-61.866424629920594,0.1147352843182237,0.4266160136887004,1.4
8hsZbruegWAWKqg22wzdk6jswzTP1sVvK8iqgofXkDhA,38275.5187785984,109231.80758807954,185.38295775929768,1.975149514245521,15.082261229504509,69.0,-2.8120422701047563,0.1309584474230996,2.1818698049509906,2.857142857142857
5dhDp8V1spuyedcRQ9yAd2ZtFg9gsgKGNu5dDijE9k9E,1297.95658775328,3690.0603259896006,184.29766918298657,2.281866504791665,16.067285890690496,68.0,-28.671076975038844,0.1420194126323348,0.305394567620694,1.375
6w3xEiFmUA1A7cwYARhMw24SW6WzGMmDVY8uwCVM3RC7,16939.58254525056,48092.34052311649,183.90511038065924,2.0176512271432028,15.884898654510152,70.0,-2.7564385654297308,0.1270169404933745,1.925732624763876,10.333333333333334
4kxQisUL3cwA2S3xX9rnbkw8tmUwuxrT2UPBThjCxovT,529.02810131184,1483.3614707620802,180.39370065290737,2.668381779812822,20.512105907526944,70.0,-42.96419490092698,0.1300881436475839,0.8736888027842998,
8aGDSqXdpQmB3czpHDzda85c7Uiju6rhqt2YnbS7bXxY,8117.86399039824,22405.57477287072,176.00332796129496,2.1036543805845787,17.74657064651393,70.0,-2.2050686331632265,0.118538641774027,2.1654170281318503,8.0
E2NXYcgnjWPgPPuPVSUrXM9gVPchEBk2NE1roxfYxtWN,23221.2787008072,64081.94277167665,175.96216210715855,1.7043345411149935,11.311264407562025,67.0,-2.4703230686795266,0.1506758643158919,2.9966904091271447,2.142857142857143
GdXmXh2qrV2h2G8iQDMXKkW7KWy1gkSrCANVsYbdETLz,1022.02034961312,2808.8083960430404,174.8290087478492,2.01858080805346,13.926630550604658,65.0,-18.025247653417097,0.1449439475484483,0.4549821962743606,1.5454545454545454
BcFFFvtLHhaax2XRd7URW5hDBi1YnvPh6X9ATpLZVTYA,176.1924310224,473.89098497952006,168.96216950390595,1.97964417603544,16.418651902712902,77.0,0.0,0.1205728818520317,,
2vC4ojopVb2MLC5WhZeiT2Y7e5uD9YDxANo5evgZAeAd,5105.7030116352,13553.6534524104,165.46106229687618,2.189249361249047,18.20278371840321,62.0,-30.56120184868236,0.1202700309533256,0.3319464902081461,3.7142857142857135
3z6ZvnHiMJVAi83cd6mo7f8K6pnU4ZVTJpSA5FCSsBud,4183.32882038448,11003.486001906242,163.03182165094395,2.014525412119616,16.689592769108746,63.0,-7.226179928468881,0.1207054863464589,1.7644999601616629,1.5833333333333333
2ba6kDz9KBhLieDgwhyET6J1oHjci1Ar3FkzqM78kqbx,798.1953191035201,2075.09879338416,159.9738113867635,2.147779526540456,17.076347555107375,67.0,-14.12586429673159,0.1257751120144,6.949409809468855,1.5
4BGUSLC99YVJowaumFsHWdD5rueqt5iPE3MfLGhHGGPg,757.67352455184,1952.53277678112,157.7010695914224,1.8312106872522185,12.382603679062996,72.0,-26.490834164233224,0.1478857544595813,0.2794012641990959,13.0
GVYD4cQkHxG1RKk5Rh8VEJ6qFxS2ox3waC5TcngyTMm7,8688.071770379041,22098.713702931364,154.35694233413594,1.5238144111831355,9.432581220656122,69.0,-7.364936648595599,0.1615479766923374,0.6305434463066214,4.5
4Q8jywGFZSnB47hLT5qQaZNU2UjbpENCCA7LNHwbNWNa,6122.0465459088,15097.700068308002,146.61197779355976,1.7970114042681933,15.151114622767471,67.0,-4.244688024848944,0.1186058880161751,2.362285384672877,2.0
43vhcvk4sdPFDKKWe4ngaRrdw3KqbzDy2scFSr51D9YE,260.42254877184007,636.0258682665601,144.22841695777714,1.688838284112366,13.837077426506912,77.0,0.0,0.1220516610593761,,
C1gUmWUDJkXZwp9frzq81iedkzyCMA3vyHhCRGEiy2BU,109065.97235453088,264032.6963917378,142.0853091865083,1.3485119225831257,7.597714082937475,74.0,-1.611064639248309,0.1774891642226362,1.5082625792566875,3.0
BSiaAGDLRs6HozucTyh4LJfJNzAe48RVX3kCGCNTWvXV,1200.23913346896,2816.94060967056,134.69828062754218,1.9023560859242268,15.221469307357369,69.0,-18.70945205239913,0.1249784792460682,0.4296985970200621,1.4285714285714286
F39gKB1d58RCQZ8N8CqwtYCaXSswR5EXZtHfSu6NjZBQ,509206.1742570878,1193522.0724107032,134.38876681964942,1.5975716589857494,13.205577633758844,65.0,-1.678186525175003,0.1209770373771234,2.5963724983190786,3.142857142857143
BoXYcTbZxwCeNJw7H2BeW4AQ1QHD31pKcujnsKcQK7PR,57655.11520861248,131870.1067609181,128.72230206075358,1.628191707139902,14.211112909863012,68.0,-5.661436799963714,0.1145717240772803,1.3073980128822262,17.5
3mauo1EDZLzgxq1z1pn7nxzU8KwtY7UcoLNCGW5sx5Uk,1716192.1595615535,3890477.8972126646,126.6924409097982,1.1615736310355398,5.044800884210126,68.0,-2.169592412629097,0.2302516308762917,1.5185082937830543,4.0
6i3L1X7shyUE7amspv5o2Tfy8XUzB8hCTJnexQRuZuGv,1768.96266792336,4009.82448900432,126.6766032836395,1.598412551788893,12.892167324143411,68.0,-13.906567441455408,0.1239832304065364,0.5088682111571063,1.4444444444444444
44vAs42PHsFGu3eQugACx6kXexr5HM8DhcDz8xub1N97,1074.8627878747202,2423.94333265008,125.51188486512204,1.751682608015439,14.117457668275623,72.0,-25.634172631414074,0.1240791826103204,0.2356516555918096,1.2
3mQytgCHU5PZb1543t2a8SfzuQ5t2XieJ9839rQmuLZ6,248.8865335944,553.5120334886401,122.39533232066124,2.0826125613470587,17.218772256582007,75.0,-50.215501698474085,0.1209501194576148,0.0588289520495137,2.0
CbLSRh8btNTQNxM61zx63TeXmAUrNd4JVJTV91QByCoi,6353.33113962768,14126.62413188544,122.34987947933868,1.4644676236239835,12.041838927176345,69.0,-3.8458767832412186,0.1216149487200774,1.4799733564510689,7.5
8rZYFtuSaU94BayydM3jobRj3xWeANNQ3Evo3odP5KCY,2381.82636788928,5239.291903400161,119.9695147401992,1.2735592292506432,8.365667428875744,70.0,-7.1809060849693465,0.1522364162905524,2.5386892621904336,1.2857142857142858
BrNNGeyN6uNnNJwiZ8cyiema5JXg1WxsQj8z8ZgDFV3e,1288.36614520848,2833.5120869678403,119.93065383671106,1.5601613117190034,12.589354350251956,70.0,-19.691302903025107,0.1239270313880536,0.4418843933612094,1.7142857142857142
4gcTwiZo5BtaGb6euD7Y1kFGx4yDm2cUbuM45nKqQDqH,3829.4232717312007,8413.00820408256,119.69387051536924,1.4435357197849727,11.626070076426494,67.0,-6.5840000960852425,0.1241636864646073,0.912837148629908,2.6
CXAUtF8SPWBJG5EomHLkaEiDyCL5qhahVZox5mTVhHvd,263.7333795844801,577.0226837625601,118.7901602260877,3.369892041102115,24.92451704925576,74.0,-50.41596356369059,0.1352039052328494,82.99549411003707,1.3333333333333333
Gf38ESyYq7uchCvPy6yxyaaaDpLd23X5JofWyByCWHzn,1141.54259605152,2484.715533791521,117.66297134998727,1.8989230797962189,18.41091397865225,74.0,-23.4343327955082,0.1031411630078795,0.2947456415252636,10.333333333333334
GpRVxibVVzoyjDxZGZTNN8q8KBdscb5rkD5LZJwkEYbi,1071.24889181232,2296.6898289782403,114.39367139906592,1.6923838331913523,13.676934900573055,68.0,-24.189788802296903,0.1237399933168098,0.3223065064602966,1.3333333333333333
GqKDpKqT14y7VJpzzBHdtZFxjJtpckvv89KbUbvG58x7,945466.6444675046,2020489.143305515,113.70284770262548,1.3424262999472667,10.85889930548182,67.0,-2.352088751511934,0.1236245278809777,1.798729197307202,4.0
BwP5TniDrrGCywWmnsdFXGqGUDSfDjFX2XDPGnQuiwNj,1370.5751980814402,2924.4871732699203,113.37663029096676,1.4995060592277047,12.125281768599049,68.0,-19.072651606942696,0.1236677289521625,0.4810276195852869,1.6666666666666667
DvmxdYccQKoEokNjYrjRcvVrXJncKehtxuNtn9yVjSpM,3889.97124417408,8226.34347184656,111.47568851998496,1.1981544412712106,7.773212226639234,69.0,-6.2195208371303785,0.1541389076146754,1.087504411079672,3.8333333333333335
FAuUYn5HjXct2wsBCQEKAdAjusJg3fRZ4Wt85234Efo4,322.44074363904,679.98732276624,110.88753086596886,2.0328907162001624,17.241409587809816,76.0,-52.13673821646855,0.1179074544831576,,1.0
2JaTqKftSp3y1bMy33WK3X7EqzXtgntPFHr4HUgJbnHN,2595750.9048892823,5426681.138744435,109.06016553910833,1.12584616318453,6.764508774526894,67.0,-1.4570615390572754,0.1664342823272145,2.3620850636409374,6.333333333333333
GRF94gNguWGcivQ9mfgugtoprgdGwE5CQTTRjL9VpNne,66025.88519774833,135995.3144582069,105.9727242594314,1.312213347559729,11.176059015948466,72.0,-3.975769887856457,0.1174128863928844,1.2901550859537945,4.5
7x7AoWo5wNZBH2sQEX9eG8xsg1YWFxrkiyAkr31rLvJM,272.95381276176,562.19655299328,105.96764972980148,3.823258989237648,27.219451994903167,73.0,-50.03669612682601,0.1404605423339732,80.96230825797878,1.5
CsMkFQPBCJW4jbknsTHnLpXiGR6CqgoY41RZnjJApwao,364.6405804704,748.2675408739201,105.20687519437,1.2323744121711688,9.794871132411211,77.0,0.0,0.125818338547941,,
GsnrjgQTtvy2dwTHaY8pevyYQfVZ79cN1uqFf4XRBrcr,689.16656261232,1395.3506518891204,102.46929081991073,1.8993373050630888,15.492812676280598,72.0,-34.165384274532855,0.1225947376212042,0.2684063391595565,1.2
GwV14tHK9DcUE367xiSvFhG1EzD75w1xg12ANuYXAd2v,2817.85744788912,5702.57909534448,102.37287374548802,1.2507192138496783,9.973157311815664,68.0,-9.155920219703678,0.1254085516497261,0.6096151553552941,1.4444444444444444
HV46W89bdQ9UMoc43Ji4UJGqr9kyUQXKhr4ecLjPU4mj,125204.78886530784,252942.53341225733,102.02305016013926,1.1909639001881247,9.38270532212218,74.0,-0.2676851706373262,0.1269318239570112,9.041636546777964,2.0
46Cvt9djeDDjDdzuppVSauafUvJKvwM5CFDy7mnLvwWA,8510.012077557121,17155.78382187648,101.59529346756472,1.2347303436146997,10.24853562461742,68.0,-3.541173773473115,0.1204787092361589,1.2734550969521252,24.0
4N57v3ScRfujP5RzhCnBXhcm6sR4juRFkUCChy2UTvvx,122787.47747995247,247219.30706135865,101.3391855058853,1.1944878507400187,9.534340212173593,73.0,-1.5370413149522804,0.1252826964591507,1.7336231143918943,3.75
FN5YBHcQWpBiB4sceywGQQdCrCvVZAKGCybce6oQ2koB,14388.94525071744,28900.073898091207,100.84914769308917,1.1986458125753192,9.662251386330691,65.0,-2.4138632341290407,0.1240545049646563,2.635925986949443,3.6666666666666665
CsxL23vdZrFcsVXg2TLgvtE6kUujtf75JxwmZvj53u4Q,1393.2813982152,2795.53901367408,100.64425013175216,1.2028593993394436,8.757505953418883,72.0,-18.38170699603552,0.137351822052699,0.3293601325106589,1.4
66keQULBRr5gmKqY8M53VmjHkW1KdyGPhaJu8pCvK5oW,81522.50297483761,162313.6960149432,99.10293488540492,1.0737591817631416,7.281366052533258,71.0,-1.6170888030133672,0.1474667217684475,1.6717144704584297,4.0
EJGePkdvnj3XDcxdCXiroxrDLcrnekYv43wj6cossD9D,318.85211484672,632.6988893131202,98.43020003717837,2.930595280203893,23.702646912957896,75.0,-55.47401159142124,0.1236400006702111,28.20985827382128,2.0
b6R8gm4SUPWgAQZTHfCE7M3jN3FzGeQ9SxGQ4ro4NC5,13188.10407814224,26117.593002528964,98.0390270487466,1.2692165440083791,10.49413807138326,66.0,-26.23851985203796,0.1209452872999107,0.1691116189541939,3.571428571428572
3VoSWiHWjm6TAKRGkoMpT87eD6eWYczAYLayCpDxQwbn,27588.3087047568,54393.53472836833,97.16154154455198,1.1264537686552756,8.414463500019103,60.0,-9.28553751386481,0.1338711337511557,1.3518760034457085,5.5
6GPEL5xWMqxyRgi5KqCxmX7rfC37cG3EePYwJHnzx9ii,333.56154712608003,651.4953942873601,95.31489762550687,1.9628296852442688,16.56116516134469,75.0,-43.311295224671305,0.1185200235684924,12.765105318889905,2.0
EbpM3v7kkDyBd3LYXtfsCns2t9TYbfX3FYTswhhQTVCD,15537.914456507042,29940.485897258885,92.69307976348308,1.1041181477611282,8.386511523628908,72.0,-16.463813016070926,0.131654042881869,0.1571915896122626,7.333333333333333
CvFbZJuqayLF9KKBiALY8hg5wNZsZHBohau3nQuoCQ5z,7851.511940282399,14881.4996140392,89.5367379840468,1.0612652803447031,8.355911045032414,69.0,-4.467015266894239,0.1270077283763839,0.8727724215836392,4.5
5z8a6phB7u7T4V443MNFeKi26JALV8nfx57z7Nmv9Gsk,4114.2542623104,7752.74992750512,88.43633458743714,1.05333902802647,7.8868244255842,64.0,-6.196659338276277,0.1335567994400288,0.6274174513923849,1.6666666666666667
5G5ajwkJJJVYNjc9KQY6FTpN1H7qs37ZXUUv3wirnfzV,28894.82408251296,54306.54233766769,87.94557178333474,1.1695295288577834,10.697357398948643,70.0,-9.946716869530633,0.109328826292438,0.4481623848315042,4.166666666666667
7VGe2Z9omwJtXavguYw9pnQvsV2nzaE5y12isKAApCeG,35422.46526942864,66454.2377665536,87.60477923005244,0.9191879255262728,5.194945887550607,73.0,-2.06821147629898,0.1769388835654774,0.9346595070059056,6.333333333333333
8PcXoZ3HZrFcJMPM25zDJMK2kgwpaxx7HZXB8rzsaQHQ,19530.76644621024,36055.40056928928,84.60822143662206,0.8923869112602612,5.016997242455543,68.0,-2.512927789379892,0.1778727131258073,1.7386621621271845,1.0
4ih4LAxAeveDKH3XCdArruDTEzA3GTMz3fqcwK2bJrZp,38414.02286865312,69788.62852299456,81.67487628572215,1.334006124196645,11.923797054366451,69.0,-40.70558774321984,0.1118776274130006,0.0933776762261289,3.5
EeTvxa9KeyDjC2xE1i7GD9C6E9VrADQGwL8DYQtCZhy8,40115.92359196032,72812.49470087807,81.50521833048487,0.9564109847879796,7.36301344143542,76.0,-0.2437540509897223,0.1298939615410409,,
EseKvNwM175eHmkf7m7Kw6qbwKwbhd9VcBoWQAfY3xrD,19376.56947670704,34835.70557577073,79.78262673197864,0.7832635260211367,2.4794450427901653,70.0,-1.7667516886555257,0.3159027574733884,1.264332552172264,1.5
8vE8tCJ13nz3kkhuay9cjU6dDuvTHS6NX8AHHH9ZJ15x,38206.80846249072,68566.72267716576,79.46205254092521,0.9504358249413712,7.553198056038672,68.0,-1.8385829535142184,0.1258322392567889,1.7559516927478351,3.2
5K1q94tNt29z5WriFRfn5CnuSk2EcjhKxuhXKMtAo3pR,11575.29430082688,20698.37971447056,78.81514868258662,0.8944569107201445,6.320937195423074,74.0,-2.3787455409887435,0.1415070080695962,1.3113676292644307,15.0
8ywysBUqsT6Wv2T9oPJQeUWeQQVLfSpgtqJQj3JmMt96,7666.72159006416,13547.241630384002,76.70188582223747,0.9367003367779472,7.629336233495148,66.0,-3.886922522851662,0.1227761246994912,1.5006325562133598,8.25
8BPxN15BBinxmgs5LZvMFSD3RWTbRuqGLLKnrRXBgoaZ,5383.933037789281,9468.569660170082,75.8671512760495,0.9671762314005238,8.12823870932684,63.0,-7.715735004891705,0.1189896441268052,0.3640857802426266,1.3636363636363635
3DVF67TSGxncszWBWPxZLd722NRw9hqhpXcF5CAsF9LJ,41005.66005976128,71949.81835959265,75.4631391245346,0.899983895611145,7.067541530450016,68.0,-1.9263966604192568,0.1273404467074762,1.5356384857410603,3.5
5ibWhRvTB3hJopuVKD1TtPSiNNtLzA9vJYvtgXCUNrkW,541.0208837592,947.29042605936,75.09313494097654,2.086651130097612,17.597435953183197,72.0,-36.845237841810345,0.1185769981291028,0.7166499973014653,1.4
EWScV5AeCNBNvfsDaVZRgSTbtb2XXkaeFMsPaQQescDY,1768.6625458569602,3086.7173989291205,74.52268699643496,1.1039917618553037,9.501505106485116,67.0,-18.11924217055426,0.116191250700038,0.2821854946626973,1.5
7DzteSzYLmfSCeBumEV75ycopEL1XLFGKZL1JdNDywpk,404.37645142752,703.0504987387201,73.86039574184603,11.698355067760897,74.778500515696,74.0,-78.95123556024917,0.1564400862157621,1.6550407033052472,17.0
68o8UWda5YMW1VDAHmVWceDLkSerhsCHypfXDRFQmwze,79479.47910401617,136469.9263141205,71.70460583356359,0.8539810976887878,6.642004121481175,74.0,-1.7804866673900617,0.1285728045435703,0.8424906843774912,4.666666666666667
FqUE87vZjsHsRJtLX2btee9FnkKR5XLWFBWss8i3UwsU,3445.3789104321604,5897.469074287681,71.17040614693813,0.7896837938867665,4.504439807578151,65.0,-13.099919381845067,0.1753123202042179,0.2169524097088014,1.4545454545454546
AB6z9PDMtqR5oNH9deAvNPdLj8ZJjmtvNSPkcW44edRo,28969.24356927744,49510.4482608792,70.90694184844435,0.8513562779621964,6.7187043895777,70.0,-2.620791870355812,0.1267143527378361,0.9839885921957736,6.75
9LiZhFCfsmkBysW1qF862oYJPtF7dW4Fi6x1kJ7B6Tg3,27540.993811475044,46876.809825101765,70.20740117798651,0.827282648626846,6.253774919651885,67.0,-2.931070013930776,0.1322853251445283,1.432655805303533,8.25
F6n7S5iyrvPmsbHqpaScLpcZRCZWcoSFPJNNAP3DacJo,516405.6490523112,874235.9650348527,69.29248675711018,0.7964528743262799,5.632732727618998,70.0,-1.4722258052004262,0.1413972423049703,1.523264001254281,5.25
Bwb5n55jCGhCPBZv4WtGUECyZZswwZ6E9uv68DRYECC4,107838.27645537649,182328.2030023858,69.07559077859823,0.8215136993896274,6.33478158758599,76.0,-1.6854097104117522,0.1296830345342156,,14.0
54Zbuj6qcgdMSShoNUdqy4XYzYQQEbeB92tAzrTXgk7T,6226.42115629248,10523.962213032482,69.02104674363164,0.7267612518847306,3.399701117395276,74.0,-6.277255735501649,0.2137721013668248,0.3559954520191196,15.5
Cv7nJrv7VmtgD5MHnvKMNJYoiDkv28dwQsFLh1aXUMHA,4446.23280429744,7461.402303903361,67.81402666751171,0.8251760800882991,6.607552288686491,73.0,-3.665506198335625,0.1248837760241674,5.498875325107149,2.0
CHivrf1vzV2PMS5ddFidzzCa8b8nUxqeFe1gNwLufb2S,709.6071775104,1189.389930336,67.61244362111434,2.1194585850426773,22.796043009821283,74.0,-59.71660410150885,0.0929748458594127,0.1640514816908665,
ASKGii89V14KgMzyKqFWmRn6C9a5vN7AZwZevk4J7cdG,3430.64832837168,5728.79235148704,66.9886214832795,0.8629433746526292,7.055247520195133,63.0,-9.03698187341292,0.1223122749673227,0.3289865308255353,1.6153846153846154
AnGPzHPaLkfBeiB57JLq81csw79prcrmardQDRd79q5X,5403.916492191361,9006.52503569472,66.66662130529062,0.9125438036366248,8.53015232934421,64.0,-12.544408980586155,0.1069786058213077,0.4687416402077449,11.666666666666666
DidEdeU37zdEMgNgiFJECyPkc6QXDr5Du25BtqDWwvp4,1181.56014249936,1957.79213750496,65.69551282964173,1.0750933694328952,9.733349171024816,70.0,-18.790990711673523,0.1104546185020607,0.5072394172870635,1.4285714285714286
2hpwgarRQxT8yAgn5RQPBeGnNqxhNVfd8YhKVQEqzqu8,2553.7276861824,4206.06684313248,64.70302867022535,0.9987152039804772,8.95465178083078,67.0,-19.841018908104854,0.1115303228338176,0.2371675983661672,1.7
G7NvViiFbzCdQ6btPMuPQUFHtEKc8AZaNernznPWGJMK,9135.898422144,15043.997936147522,64.66905870672997,0.7345460373196671,4.851072118494167,71.0,-3.229029371260008,0.1514193191478833,1.7971935748551573,10.5
ArDRMDHQD4WzdbiBmGtzbdfE58HzWfFJBSYNCVPGfPpV,38862.02389738032,63986.63907670368,64.65081501073597,0.7028702899167084,3.858223940066079,73.0,-1.9611494992171703,0.1821745706924078,1.128298183255522,1.6666666666666667
6omX2ywky4d3SZGwVNZmJUW71amhq91JGcjPBC2ybcnr,517.5129230232001,851.3944573886401,64.51655978269594,1.814103466537029,16.149702382547,72.0,-33.562053327308355,0.1123304580830871,4.39278826372506,1.4
V5miciRCb71JqMkLzEWxuUNjnfMToM1NooWmPgRkX3q,6313.901568761281,10313.562824166722,63.34690542523188,4.60446708285693,41.75551063776331,64.0,-86.08598941408474,0.1102720817571008,0.2239558090630133,
A2P5uoC6M5znwS2myPtEd32UQJ8e1DELh16on55CQTkh,21874.6757314488,35607.63198483217,62.78015922146799,4.529783951729674,43.983495631266415,67.0,-78.37872063867087,0.1029882660920111,0.188574820095802,25.0
7pdaDe1kpw3UBdZyX9zeJYx1fzvQTs86WCBNcteeFSHT,41106.03639341472,66779.03670176641,62.45554804321773,0.9336401795525416,8.541496622724571,70.0,-31.83698839577932,0.1093063921688619,0.0788159280907641,6.75
Et1ZgG2arLXwajtLeGHCyTeNp84MtGks98yWbaXvZihi,26546.560657593604,43104.12476622673,62.371786395225016,0.6820712618144363,3.709458059396633,75.0,-2.1083183211690617,0.1838735607447142,0.5916678871069905,10.0
33yRccunKEW8yyff19hFUcbAUNkotMzgauoWiVtos6ji,1680.7628858217602,2727.600269244,62.28346617199483,0.8250237387941124,6.575984301795837,68.0,-10.697002821303052,0.1254601137914527,3.540249040489294,1.6666666666666667
37v7DEt9vEWUAEJXMZ4198qoEZxr9t47Wd6pT1qm814x,8376.36911482176,13539.07915029072,61.634223190256535,0.646939962611163,2.503114118070068,67.0,-6.949816229516015,0.258454042482874,0.4221223761218385,2.4285714285714284
Ee4Rs1sGcmeSysGz7g9edx9TKsHFiLewAMAXqbAKvGhi,3102.15616846512,5009.264767850401,61.476872723944034,0.7638250554709957,5.675674439415336,66.0,-12.890629658785771,0.1345787295632268,0.3726051774604866,1.4545454545454546
3NeNZcRAvfNkFV3iytDPmk1bWdRwzZytmrGU21Bh64rt,424371.49508533726,682389.7694468981,60.80009551764917,0.736983041754429,5.823766068255738,71.0,-2.149312779004962,0.1265475008983596,0.9512765079548474,8.0
DeqyZayfiJAKu3PfjHb4Px63bKepWshWjZYr9J1L8EgM,15706.67323170192,25184.54426790864,60.34295675723899,0.7177156127425839,5.378154435238296,71.0,-3.377729982769008,0.133450167968407,0.6172596336246507,8.0
BxB4sHHxuH5fjCcddLrd2rLmsUrYGexodWLisaVYHkm6,4901.65344886464,7836.382502597761,59.87222647110816,0.7114743973787012,5.248070033806398,69.0,-3.654005717707151,0.1355687696230442,0.4485038320248715,4.4
36f3xZf6BDzEJvKeXGCodvDAf9GbfYm3LbfLYX4zEXN9,361929.13475863874,576998.4348108745,59.42304152874014,1.604128758179026,19.772798001374586,66.0,-44.19918686009801,0.0811280607867186,0.1690852506827347,2.5
3etyk1LXFQYPLMK28mTUh8iuKE9jcJr3da9EHNGu8C6L,865.21251755952,1376.7895911648002,59.12733151945962,1.0369975570942098,10.06328606051352,74.0,-37.5516318676552,0.1030476079938934,0.0728036817962017,1.3333333333333333
9cRBiUTJcfBkn2T8utr6LXbdymE9wTr3nF6Mp4KADFtG,5188.235696991361,8246.879828739362,58.95345374385551,0.6753889636075354,4.168296972315795,66.0,-9.051793974464886,0.1620299532622569,0.2451693344187416,1.5454545454545454
2WS6c24tPb9R62LJgUQryuakzYU8f2BGhRXwSsuzCgs1,6478.786107156481,10290.462255547684,58.83318395371653,0.701609855755087,5.242749336965322,69.0,-5.895123211640336,0.1338247950952395,0.3289451461241339,3.0
24mbTwmyNhksbfiz14hetgq813mof5MnJJK3T7wDq21H,56652.958792116966,89663.8129213992,58.26854383795321,0.6216089588280895,2.6325704537739463,75.0,-1.7957145791863038,0.2361224399282367,0.5541529766201279,8.5
N1vBVACRNNaeMAveeu4UkymnzKhmfwdYe6es8StoEby,829.17636726288,1308.72197752368,57.83396985176809,1.2078157299467218,13.619904302404883,75.0,-31.73597556965199,0.0886801921018972,0.1778792566840349,1.0
Evv2DsmYAUS6WC2kDwVePRJC6opjkRWSUPcDzStT8VwD,1816.5023107608,2852.92552865088,57.05598125311487,0.9728536606782408,9.23809437820445,69.0,-19.55872050661264,0.1053089112158787,0.1865821712519726,1.625
FheMbKe82kcm9fAt9vJeVM34Tc8Ns1LqwNkYLAVFEjHx,145808.30628576578,228125.6548313817,56.45587047989188,0.669380384242104,4.928892003391194,72.0,-2.142136196661519,0.1358074763621427,0.8070121386388938,8.75
AVaaMoLVBkzVy2dZfUNbXXf42dFTbXJ1ZNLnueK3A9J5,44621.07557280672,69599.5725995448,55.97914596653211,0.5856713227151954,1.7276541920264656,70.0,-1.678373962228502,0.3389980040092558,1.022430607240274,3.333333333333333
ACiDHb2zjBY3jWRTRFGG9m3KDzYEtTns2KYXfpK1eG1j,67368.20214840768,104902.96229697744,55.71584063633339,0.6652850337077836,4.993306606082419,69.0,-1.5102330944193691,0.133235366099368,1.300432150274123,3.8
4iCAnW9No9RzbCm19zVaT7gkizSA6HS8qbyXCp3TaQYK,139275.0349801949,216503.9266553136,55.45063527436971,0.6674458798217268,5.085364999921866,73.0,-6.0440973503992295,0.1312483725026584,0.3499551717262786,8.0
9CzD1T73qzq8pXSdZztxATFHKuWSajVqFxQw4ngZPiQb,1220554.9584581498,1892781.2713364195,55.07546450243018,0.670098924149991,5.199925239319826,66.0,-8.521979415487024,0.1288670304493921,0.2671866347163139,18.0
9UsMHbXhHCvR21fMFL6Gh19X1wSqUpgvfYRCfz6qmGVh,5104.4746027828805,7910.61976250256,54.97422120956018,0.7151437052928383,6.2953273955918565,64.0,-5.761589030443012,0.1135991284255684,0.365815591085514,3.0
7jiSGwfybNv8kWvdmhHZpgeWozp1kWFt1XqGEN2nGyZ6,140448.82220997888,217210.09202125104,54.654263811845816,0.649128467327046,4.770056310901305,71.0,-2.091563265081967,0.1360840260614015,0.702267082860286,4.0
A7TMsogXFaGWQwGFe5vXo8zehmafznpFasVoeksq3Ki8,1013.7194258630402,1567.5018376128005,54.62876587161107,3.800731199448196,33.49186962114689,71.0,-67.20409923340463,0.11348220456013,0.2004454947548045,6.5
AZjnXX6VR1t5rBEakKmJGQvyHNHekL19vQgtbeyjFPYc,2819.99473729584,4359.202788628801,54.58194765316987,0.8419866293714949,8.052941581375666,63.0,-12.796832643505072,0.1045564059869487,0.2753732358593479,1.5
6B3Jr2QtAddT1YB17qrDQdURMdztYwkPMwJRx6bfqwmx,4789.76107090416,7356.124245161761,53.58019191911696,0.6371046639746866,4.301789965736075,65.0,-7.491033386909414,0.1481022246667666,0.4895069262232531,1.6
tDzMQZx2kHjT9Uoz4oBPD4q49SA7VntJU1guUVRUEBV,737.7139622798401,1126.09412562048,52.64644336408997,0.7569151107337981,6.746521946997834,75.0,-27.193534202308665,0.1121933815201803,0.1045156457153863,1.0
EBnSNETQSXidTGainDD2aYzeE9dPZabimootursWLd9U,5404.629901519681,8238.276813300481,52.42998990521129,0.6847858602285116,6.031701479771147,66.0,-8.518109716248663,0.1135311259227792,0.2648198007689676,2.142857142857143
9EndLXwf7mayVKPxJfj29A5u8yJFpzL2MHMwNNZKf8fu,29479.06149668064,44917.11388809841,52.36955183649962,0.5741480440685411,2.724292177366185,70.0,-1.888167808793988,0.2107512728769133,0.946083166287406,4.0
5eBKBdUCEbAFCqLAgfHq8aR4q17ZXSxUBiWa5xmh2aSV,44519.70061146192,67800.66157936465,52.2936152942342,0.6321193054544929,4.857315421822307,75.0,-1.8640945313661048,0.1301375864154488,5.519016078631349,15.0
5kky3JD3o7E71nkEtvkCPZRbdQ1xyNNyVKqbj6wejmTF,1317.60934848816,2005.20941358096,52.18542702977632,1.1626652119902,12.203681768717026,69.0,-27.746641216691724,0.0952716757143389,0.2547010293163713,1.625
J6isnUTz8f8fuDrumT2AWszXsZ6S76n2LmtMpooRakC3,7488.4244582784,11382.82514608512,52.00560824916232,0.5775879154910376,2.9324887875912777,67.0,-4.716605213582729,0.196961679081291,0.4254570224089091,2.4285714285714284
31yQtvfT4EqdZrZhx2seDdbRRCsaSnNNYj9XCVrnW75n,9645.59266446672,14605.012544011202,51.41643496738597,0.6210027325323063,4.7008110002369,71.0,-3.7529119547998144,0.132105445741386,0.6850905812852413,4.5
CLLfnpvkJQ7u4Khuiwos3GD4jA1wghNuL22VKXiCNvQT,80518.933467804,121861.23690537218,51.344822462283545,0.5667218222369695,2.7744859800852297,74.0,-1.8405505002642584,0.2042619160106768,0.5474145370205244,5.0
PbCwPvA9pEiyHoV7VGmPyiYHnR4d5rf3heQjvS7URrQ,4023.638323155361,6078.3563923968,51.06617206166079,0.605433608618064,3.936820271609378,64.0,-7.858399835612466,0.1537874647171946,0.3287441570778294,1.6666666666666667
2RUnDoWsLFVKVnZy4JyQncgq8PWGf34TXKugSWj4JF31,14373.864990638402,21698.15306596656,50.955592529207806,0.6310728797835884,4.99649746111917,70.0,-10.210518890069563,0.1263030522269561,0.1857488484484155,5.25
2GKacY8zR2pQZfVqN4uvx6EyvSZDAhfzgNTyjype9bfh,16459.890547669922,24831.24236653008,50.85909772374043,0.586171613474144,3.732615492598237,69.0,-3.487618552262813,0.1570404491532868,0.5855357787555177,3.2
BJocvUTDwMdyTRpei7JpF6FDYZPD22zY7KzorMSEGTi2,1296.6486060091202,573.8206816243201,-55.74586060054855,-0.661930958281475,8.513366958091316,72.0,-57.409147123679936,-0.0777519589534854,-0.1398340503944932,
BKoZWdiFpMdBdAQKsDTH4tbHbDhq3EtWAfZTEG5ZEpoL,1344.12838970592,593.3056313328001,-55.85945242458508,-0.005097796941966,14.468058278074857,75.0,-79.07731290772459,-0.0003523483831753,-0.0007244278960156,
EuKDoVcKBWK7oxZHMhkYc7UGp9AY2AFw14d8AS8Qwbzx,127728.21282770642,56347.79854226208,-55.88461053763426,-0.907304641265334,4.769024426931643,61.0,-57.61553140355239,-0.1902495269559958,-0.0938009166366411,2.0
AwvxNhV3yerbweWydzNxqW2VayUcdE2zmtfuRwP1LkWC,123341.08813523952,54128.52350258737,-56.11476733265302,-0.4958363085133455,9.678171728133291,68.0,-72.2651965460991,-0.0512324354683652,-0.0248180932141188,
6omQUpk1Jiu6au5SZGFa2CaHBdAaiRx6aU3CjiqptvcR,8888.775112757281,3898.411769032321,-56.142306228028296,-0.8096502397818229,5.835029418405207,68.0,-58.454628235400094,-0.138756839379074,-0.0543633562131117,23.0
Grp1R1DHThXVLtdedYYrSPR7yopSxFWwYiFYJAc2Yjh6,879782.1293233378,384432.5363629316,-56.30366615214063,-0.7592733897685716,6.163510250489114,63.0,-58.4829149875653,-0.1231884687314859,-0.0540249905940116,8.333333333333334
L4qpGa2sNWEMBLHx5wPs88pBUWniLfxgDSEx7FCqFdV,3059.11996585728,1324.25017613568,-56.71140096120501,-0.5185399354037604,8.691246424733219,70.0,-69.09483766918729,-0.0596623211520178,-0.0264532779624298,1.4
5GzELwwPnmqBrooyoJYToeqGDZD4389ogc7tUPDYDTvg,5982.03329432592,2571.51521323152,-57.01268972089048,-1.0199152737918415,3.3209284977743985,65.0,-57.74289986165704,-0.3071175047807752,-0.6013987037800285,
AniCBfQ8XLCBPNAKQSnSvSgPUoWDQFkPbH4zrqY3gnS,5906.011882286881,2530.1091301718407,-57.160446328256434,3.773001756533664,44.42412305235218,72.0,-90.97289707985615,0.0849313728058812,0.1064095587686608,
3qmtQeJCRrZFzpsdZhs6MNcQ2tfAF8LFtim3o47VpLjg,511587.3434249761,215162.90983176915,-57.942096770554166,-0.697668292537079,6.854716100967527,67.0,-61.52517766988961,-0.101779312558051,-0.0369838139065187,5.75
5STcHLayAHJRD5jqSaYJMTwXzbUaQh8AuVmzbWPHUVTv,32463.34453315824,13160.83334919456,-59.45940401873253,-0.735371035485789,6.903445137393211,69.0,-62.24458905368587,-0.1065223262951098,-0.0347065017974839,6.666666666666667
5kkfotLu7BoNZ6cqryaRmjHJzw8MT1aiDM4U4RNB1393,5839.190632454401,2351.51392222128,-59.7287694436367,-0.7630800476711798,7.786375956720527,60.0,-60.4313283907664,-0.0980019526301649,-0.0683073971323087,
EzyZW5oZFRXbkuhvydya22gvksJjmqeWXSATUvCdUiwB,11688.212710268645,4597.40482260432,-60.6663145464038,-0.4480103703931956,13.12085234091803,62.0,-60.91031394380694,-0.0341449136651018,-0.0344486381047754,
BKFComR3XSiVH7Jj2RuJ2aXAfV48wktpziU35HdvEyXT,159142.39058997552,62051.42470981297,-61.008864778407045,-0.7375051384330652,7.163624369296399,64.0,-64.51381180384934,-0.1029513972834817,-0.0424373563965094,2.5
HmxYMi1bUL4oQujMfyowQX9SD2vvEc6R9h39wevm8scg,15200.971635582722,5820.381255374401,-61.71046565372215,6.034874998758367,51.0293066843236,67.0,-94.88739864686248,0.1182629236193856,0.1860358599071475,
7CnGEVJ3HfMqMzvzycKN8cfeNxmUEV68Sgu2bd2ssYNu,367943.0984724519,140625.70267819587,-61.78058420934762,-0.8009076665443946,6.968910577037499,59.0,-64.63435298735067,-0.1149258062204698,-0.0560556872491211,5.75
Bz7NCvWBhnG2GgihZwhCt4CLzJZozi4RwBg16hCxk99b,3972.8278086432,1505.3021898936,-62.11005705762791,-0.6071227669393172,8.811984662394545,67.0,-72.28744583389852,-0.0688973926078463,-0.0323749207115897,1.75
7tQi84XrZGHuverzp5kWnHt4NJPm3DZjbMnM4RXJe98E,24002.2955093064,9059.32956569856,-62.25640350863113,-0.9725793619215124,6.297772769108317,71.0,-64.73025392322177,-0.1544322727380996,-0.0502294722045059,15.0
2ttJurqWkp6FZRzbu6HEc7bnKopxVAta2NVjzwQoRop5,1592.0923240934403,587.02758486384,-63.12854625449552,0.3506966664114185,19.36848153762332,73.0,-82.23713511079241,0.0181065648192497,0.0415664573994484,
9uQoAjgTfdREcBgj5EWRQLGtQBfPp2brgzGuF2fiZJrs,161.40922855824,58.94267179056001,-63.48246483980176,-0.7345938928153998,7.576118927168125,76.0,-66.78518376472383,-0.0969617689317323,,
2m55kLSuPwoJBofAbtg2dQYhLfJaUefW1bibJtdwayzJ,379570.555953782,137822.8487806263,-63.689794527316245,-0.9690642838353792,6.72124606397702,65.0,-65.58898626787219,-0.1441792600079241,-0.0594992693030225,1.0
6BCvQ8xJUgEovR1uCojysUxPM9jDKQHmt2SffLZsUkjb,77009.7629412821,27457.909545730563,-64.34489797525218,-0.9886834821418948,6.725867308774613,64.0,-65.07163183583461,-0.1469971732644875,-0.0632167230663216,
FF4PrAwqJRb4GE5G9PaFyiPaoz2L8wJBQwRZbMi5ou6n,8551.14666596112,2957.60729251248,-65.41274044233629,-1.271030930776283,4.013326359169615,57.0,-66.37853660577746,-0.3167026095129896,-0.7048555338024501,
54nm6cC2sbfy5SRE9nLKrmMKEjXByySkGYkVtNmQhcNq,2431.4635883928004,833.6292320846401,-65.71492017959152,-0.985092560946274,7.774924798794175,73.0,-67.29792146945057,-0.126701233315987,-0.0656406852319933,
tBgRxaMYuwvAYVh4sCsZWMZiMQCVfp4gVMAsR94LL2g,401044.9909142664,137472.49637141477,-65.72142789814745,-1.1186061426709943,6.1780918391328505,63.0,-68.10273701853369,-0.1810601350380703,-0.0832305494015222,
6zQ6sHDk2oYQvXwXdsr82GDXHAFZWd3CHm3JXXChqLeU,36347.45670132097,12448.7817753648,-65.75061117023802,-1.0696458656366177,6.518906579751359,71.0,-68.19359910725198,-0.1640836315953795,-0.0546848240756814,7.5
8vZVMNJgykUbiFcuXX8pUoy1wftbG7dnZ43QyFBcNJaq,217314.93281719103,72784.01200735345,-66.50758828958129,-1.128288020654682,6.317962330213278,60.0,-68.37077334959987,-0.1785841639572729,-0.0888819411183802,5.0
AFjMzsmC31yikibQ2vtz88d321DewvBXSsesayrQfLSZ,2645.8793952489605,885.1524022171201,-66.54600342681783,0.0140484246726499,16.159136608555478,66.0,-78.5661690094987,0.0008693796588867,0.000848886948152,
6WbEKBnQYJWLvtPpwhHRr9EZPhM8AQdfBbxg8VhkBefK,30898.06315911744,10086.361924167362,-67.35600586928354,-0.8424277915292154,7.751046342523288,72.0,-69.6068033661411,-0.1086856863321204,-0.0289378334145842,
BmSRykUkw99veZGskzLjpGG3QPEBDkhdFWJdjpYz86pZ,452.13856454208,147.25936694928004,-67.43047850863543,0.6079140846347093,19.598215693159627,72.0,-81.78335355297305,0.0310188485601211,0.0448496239051213,
5rCFQAK87FesXP1Gnhn66gwPUNZfXtyMJaCtj1ikgBni,821602.917656377,267197.8839690087,-67.4784645688466,-1.0375322004541423,6.857555225688001,56.0,-67.79113366867556,-0.1512976806322474,-0.0817215381919394,
A5gEJLdaXu5yokL8nhwWVm7CMzvpmCcVt9SvBgcC9CKi,5594.0663232792,1787.0991447964802,-68.0536654104434,-0.8864028473609897,9.030905187556524,63.0,-75.00506787372927,-0.0981521596065856,-0.0603468637385531,1.5
GFBD3azM6uAWDc6PXnHRpL9DZcb7P7RkL8k3ggcXzg4m,73535.70234187633,23487.439986489124,-68.05981416034732,-1.2503455661655205,5.658455308363664,59.0,-68.80466171541916,-0.2209694162145995,-0.1204909933252157,4.0
5hycobdGC1zgo7vG3zgbYKLXMkSuZTyLAfDtgciMYYKK,9438.300876682082,2995.0783026888,-68.26676388238131,-0.949333994898857,8.690415471835284,65.0,-73.48113199723207,-0.1092391955224175,-0.0702016894944341,
4kt6vK3LAvYfhkaoAU86g9eMFSB9iYkFoKJDUL8X7o1f,1839.06154028064,578.8683897931201,-68.52370749350862,-0.1533937129018654,15.110378285862074,75.0,-84.8010786796193,-0.0101515468375392,-0.0100363201365147,
CZxF7VE7vbRKUYxe79cjTvh1bHHmM2otu6PTStqq7L6V,68943.64254943776,21440.400433068964,-68.90155547308864,-1.138007348432999,6.761677361018073,70.0,-71.04784862654654,-0.1683025213527276,-0.0587089401116613,15.0
HQxnQTQSkeiwza2HY4UaDU2e5gycndbevJekeo4uXnqV,1082.828517732,330.53717556336005,-69.47465178921635,-1.188069559326602,6.878076560861435,74.0,-70.65153144815626,-0.17273281982453,-0.1038018231182183,
9wuNkHvMQEm5bAfYq34TGLs25P4cSeJSvtaDoDcfN2hs,111550.4952408912,33601.57356532704,-69.87770113188196,-0.5581382518546136,9.333216920091226,72.0,-78.53983102290947,-0.0598012728765719,-0.0161766405567782,13.0
knBfiYQSGCFEAsxUxYd8i1amoghHqRUYsqX2X9uhitS,2016.8410501824,597.8690707872,-70.35616313277986,-0.4496056243272771,15.043059089362629,74.0,-85.63848237533152,-0.0298879118706118,-0.0837232547516076,
C6tYwQ9fE9Q1qTkcySgMN46mrFmDcfM5MUdcSFfZ6iEx,66493.81914403489,19587.809270521444,-70.54190972533625,-1.4782941488752683,3.76334487115704,55.0,-71.31959820586992,-0.3928138928231595,-0.2839923426111994,5.0
7H82uB4VAK3FYcTuXapDx1oiNUo6df1SM75wWUqRKNpk,69427.18294960656,20399.593525500004,-70.61728179248325,-0.7872402224272332,8.42249779328209,64.0,-74.09123664273301,-0.0934687359675116,-0.0384310266949656,
CBHV4FaKpZif7EZLsxJUgA7bJjz8goJrt1fPz724sVW3,226733.739627876,66153.229749348,-70.82338523683278,-0.9448749412072412,7.942622125507774,63.0,-73.27805877029188,-0.1189625952584059,-0.0512325035694927,1.0
4eThb2W6ssE8ACvb1g6NAPYz41ybwEZ1fSLKomNAhKLB,141898.0303959317,41071.56854353681,-71.05557531070963,-1.2811948609253216,6.534371441101072,63.0,-71.63695310366364,-0.1960700998517823,-0.0914760788505608,3.0
ATmrJ28Eg4vgMMAdZMzjKjewZAy9PeQ5TwS27XCnPjMK,1002014.9180845502,276632.17533882626,-72.39240949948771,-0.8585175514120876,8.450050481669305,65.0,-74.30031887151242,-0.1015991032567757,-0.0404362010813289,
DXPNFXCoj4CJVQTtdsojVpSJDyZfLVAPJVHDY219JLnu,3066.0313435128005,842.6907758524802,-72.51525893120856,-0.9164950412275158,9.001290528549738,71.0,-74.9859652450888,-0.1018181824395772,-0.0377244861475618,1.25
HzJ7P6pHuXicN9gVWBVdQ6LCFvSvgxLQxaS5cLZ5jmSe,517512.4479991878,139943.887015068,-72.95835345485493,-0.8637535490407879,9.125710745443987,64.0,-75.6896342928507,-0.0946505508595061,-0.0419731682801103,38.0
tEsT1vjsJeKHw9GH5HpnQszn2LWmjR6q1AVCDCj51nd,18.193868952480003,4.84801834704,-73.35356014873808,3.3317332367765014,47.86188355775147,73.0,-80.09229174605797,0.0696114107744284,0.0780311939970535,1.3333333333333333
E6duoPwy43QqcjTqkwcJ9cJm2wjZnFGYr8HFtAjFBeXD,52897.16219276113,13251.23000149008,-74.94907202544887,-1.3239385287927476,7.914483440203196,66.0,-78.32086188172254,-0.1672804724143509,-0.0732421702481087,
5yvXESBztYEh4qkVHfG1s7nmuVExm2SR2x9rQJqbPdg2,3226.31775887616,774.0331991908802,-76.00877356046594,-1.3534630146183004,8.648264453961199,68.0,-77.05848925949452,-0.156501113237624,-0.104937610102103,
G6YEJUDqgovAzgHPt9rig3ku1PUeEWdVJCaVxAZQQeNt,1362.56452736976,300.26106688704004,-77.96353414053337,-0.901128694146303,9.072935081122354,76.0,-80.0019238859067,-0.0993205270498673,,
8GM4cn1GS1Cy9UEQJ72dNMDhS79Qq6HTUEnLgJ18uJLb,619899.2074183584,136148.24216468018,-78.03703561234008,-1.2527317632156951,8.115113173227636,51.0,-79.163768200234,-0.1543702147430982,-0.0910176979712576,
6E8g8VFKg3Ls9RvTt6NXTrJxThYWv2XopNw8NtUNRSn2,1108064.0847887334,234693.6531219845,-78.81948739754236,-0.9342072399844916,14.777344449512068,53.0,-93.68292538620908,-0.0632188850423215,-0.0648352655585181,0.5
8Qzfjrj7FEzYbzWhPLaft4jMNdwtswpctA3UL3GYGK2H,279748.5697922261,59106.13185377569,-78.871694715839,-1.0265241837108394,8.91076211963446,64.0,-80.1606893760954,-0.1152004923853751,-0.0476947327951054,6.0
GMuMaZx8V2vu8wYViSWNx5YaDX14JwZE1mxEA2J7dojk,1387.85891751312,287.72059338528004,-79.26874340362768,-1.3273997087990936,9.01865667365926,75.0,-81.1450454455803,-0.1471837499564677,-0.4042116761146331,
44S84PVKhZsj4jddibjYHS8og8WXZGCse3QjP8enwgsz,13417.64739488784,2666.8640859196803,-80.12420503063925,-1.0568641471412088,9.359645479480452,70.0,-84.10579156340798,-0.1129171130955993,-0.0376943933246713,19.0
9H83CWzGZRw5bhUhnvQnPAtN2pHbnd9AukemAopSihux,6837.868340790241,1189.3090693713602,-82.60702005218904,-1.0098027402843104,10.537342028139031,74.0,-87.39835847540732,-0.0958308781842443,-0.0284194152867374,
BNuCedGj43VkFUQT8Zzw8R3sDsvcHtUWVhPHbWia2dD1,254.78447477184,43.65822484368,-82.8646447619008,1.0511188599105676,28.2191456749226,73.0,-84.49492947025097,0.0372484295598169,0.0292801630839762,1.3333333333333333
3pqxb1HhCXSVyazvjyQsSRCiwNNDnJBjCRHisqSQU8HT,25483.501536261603,4000.68476635248,-84.30088282546365,-1.885094871748617,8.38242384542811,57.0,-84.46791278213793,-0.2248866087553869,-0.1431135723149638,
3nShJkiG46TtGR3QuG8J9T4y4KzPVmwmvvw5qb5HrxSg,252803.93704566624,38143.18333469041,-84.91195043066111,-1.9841396418158497,8.018336511626803,53.0,-86.92143903965953,-0.2474502833522631,-0.1672941642240929,3.6666666666666665
GmCdn3rRKkH6hRXrXHYq7VMUPRGHKj37u8xEvka94KpY,2143.98340429104,299.98141428192,-86.00822125388065,-0.9866949759270818,9.911125884956206,76.0,-87.39272449436062,-0.0995542774231892,,
CW34ooA55yrKTNFVc8LyMd5E8F425st8q3mzYPLRRLty,216203.7928680178,29906.00464120176,-86.16767807609278,11.34011991784353,116.52069252005684,66.0,-98.86165808538418,0.0973227988315598,0.3664594175738125,4.4
7Z4pBfC6aWVCZPs7R4AGcBux6vjkyPkrHc4pqhy5HLMb,13817.4684260496,1806.6096088910404,-86.92517649987822,-0.7605691016213373,10.546363229323958,74.0,-90.5259005635464,-0.0721167178754653,-0.0152079592979091,3.0
3Z4W7JHnVwt1bNJt2b5fmassMm7FxoLco3Kw5Fa7ZGEG,2596.9918614182407,286.9133718624,-88.95208813994073,-1.0296257526583057,10.20132183134108,76.0,-89.96837546473317,-0.1009306215097567,,
UeMFGbmAFx2ebEu8gs7s2wLYLGTuXAvrPe26bHbgbg4,6264.2992259016,616.80917315136,-90.1535806175896,-0.8603756687972757,17.169482817686344,73.0,-95.37341786274791,-0.05011075044794,-0.0280009048353578,
HtiV2kSJcTN2ywu6qomEJB4eZu45RDRFxNyxzcsVUBjv,3050.6982475070404,295.77609767856,-90.3046426200867,-2.4325428184179194,8.723892258917878,69.0,-90.88620515233184,-0.2788368707707602,-0.1711886850615196,
79yXSysYk6jfov2sCLBiEZ2u8AVi8NbWrQLQbWZJy3km,35420.52480617664,2830.57360894608,-92.0086627049284,-0.96451391042427,12.63189616958748,56.0,-94.49464487938984,-0.0763554336954123,-0.0490619485259899,
3NUU39i1kMSPNCzzU3khVLfNjikLZrz83USo2XQ9fYVC,4155.50444331984,297.6769638936,-92.83656249310168,-1.271841588675744,11.692094824152294,63.0,-93.05003262850468,-0.1087779057392271,-0.0574057396194826,
2LULUv6aigaZF1VXo8Fn1cTHnwr5PFbsray89pKgT1F5,8395.10456942352,592.5591645864,-92.941610676958,-1.0715615641122618,10.615019649023129,76.0,-93.61474059533076,-0.1009476759857787,,
2nHcvdwS1ttaHvBcp1Qg9Gf1EKHYvLu35x4mBebprhYJ,4879.513873440959,292.73520344928005,-94.00073017431863,-1.1240566793969993,10.972727277960924,68.0,-94.55193210284015,-0.1024409566484627,-0.0379458511353716,1.4285714285714286
3GuqFfFeZasJMsUXVREwwvYgCRPRa5KSFfSobSLHvKZn,50034.067957273925,2370.98896645536,-95.26125085715589,-1.0766983815209823,12.260720642651158,68.0,-95.75563411936376,-0.0878168920818153,-0.0381857284952056,
AUy1T3kBxrqdPXzw7wqeWHpWXQLv9qakPTiSRYj6gyDB,26095.469147928965,870.7281733660801,-96.66329749264084,0.1196844258742011,17.27702465431377,68.0,-97.92936822430008,0.0069273748384863,0.0036903631452672,19.0
H6s5sdWXAMwK4x3m4NoZjTMSKk1QibvRx39icoL97dL9,9254.57912793024,299.80149220320004,-96.76050646864748,-1.1194303868901343,11.004526876493642,76.0,-97.0610873245144,-0.101724535680067,,
AqHWRyQB7fUvxtWPbr7BzrwbzMrtaxmiUY6pxugQvvcV,15876.11227496736,288.99994225008004,-98.17965546448194,-1.1732348449417358,11.1538055348605,70.0,-98.3143364221973,-0.1051869553646839,-0.0318970879858401,13.0
DeXzabN4bnd6CXEdapBcq2L4Qe9iCtLaBjWDArfa3NGM,50261.39727968736,859.07325980016,-98.29078914177472,0.1342327392746809,21.47981901295662,70.0,-98.89720506578408,0.0062492490832307,0.0040101418312895,
684YfawtDJQeaihkstvRr29BBdPoHEoY5BqxD8nrpPjo,142593.0959407344,286.67569226832,-99.79895541900046,-4.344138655056147,16.129290139404752,70.0,-99.81625079749772,-0.2693322903556168,-0.1638630481448695,
